{
  "Users": [
    {
      "id": "6903",
      "username": "john",
      "email": "john@gmail.com",
      "password": "John@123",
      "confirmPassword": "John@123",
      "score": {
        "wins": 7,
        "losses": 15,
        "ties": 10
      },
      "totalMatches": 32
    },
    {
      "id": "cb7e",
      "username": "Gokul",
      "email": "gokul@gmail.com",
      "password": "Gokul@123",
      "confirmPassword": "Gokul@123",
      "score": {
        "wins": 9,
        "losses": 2,
        "ties": 5
      },
      "totalMatches": 16
    },
    {
      "id": "053f",
      "username": "Mani",
      "email": "mani@gmail.com",
      "password": "Mani@123",
      "confirmPassword": "Mani@123",
      "score": {
        "wins": 3,
        "losses": 2,
        "ties": 0
      },
      "totalMatches": 5
    },
    {
      "id": "a4f7",
      "username": "Samhan",
      "email": "samhan@gmail.com",
      "password": "Samhan@6000",
      "confirmPassword": "Samhan@6000",
      "score": {
        "wins": 4,
        "losses": 1,
        "ties": 5
      },
      "totalMatches": 10
    },
    {
      "id": "8d06",
      "username": "Abirami",
      "email": "abiramisvt@gmail.com",
      "password": "Abirami@5",
      "confirmPassword": "Abirami@5",
      "score": {
        "wins": 43,
        "losses": 41,
        "ties": 49
      },
      "totalMatches": 133
    },
    {
      "id": "7ca7",
      "username": "Nivi",
      "email": "nivi@gmail.com",
      "password": "Nivi@12345",
      "confirmPassword": "Nivi@12345",
      "score": {
        "wins": 2,
        "losses": 1,
        "ties": 0
      },
      "totalMatches": 3
    },
    {
      "id": "d663",
      "username": "Heva",
      "email": "heva@gmail.com",
      "password": "Heva@12345",
      "confirmPassword": "Heva@12345",
      "score": {
        "wins": 0,
        "losses": 0,
        "ties": 0
      },
      "totalMatches": 0
    },
    {
      "id": "18f4",
      "username": "Aditya",
      "email": "adityan@gmail.com",
      "password": "Adityan@1",
      "confirmPassword": "Adityan@1",
      "score": {
        "wins": 0,
        "losses": 0,
        "ties": 0
      },
      "totalMatches": 0
    },
    {
      "id": "6082",
      "username": "Wammika",
      "email": "Wammi@gmail.com",
      "password": "Wammi@123",
      "confirmPassword": "Wammi@123",
      "score": {
        "wins": 1,
        "losses": 2,
        "ties": 3
      },
      "totalMatches": 6
    }
  ]
}